Date,Close,Return
2018-01-03,237.44674682617188,0.006325347602463616
2018-01-04,238.44747924804688,0.004214555201329517
2018-01-05,240.03656005859375,0.006664280182613336
2018-01-08,240.47552490234375,0.001828741603540962
2018-01-09,241.01986694335938,0.0022636068316586044
2018-01-10,240.6510772705078,-0.0015301214689419362
2018-01-11,242.4068603515625,0.007295970169628907
2018-01-12,243.98704528808594,0.006518730262962347
2018-01-16,243.15306091308594,-0.0034181502301291466
2018-01-17,245.4708251953125,0.009532120523274124
2018-01-18,245.05816650390625,-0.001681090577985822
2018-01-19,246.17308044433594,0.004549589007114108
2018-01-22,248.1748046875,0.00813136935830272
2018-01-23,248.70144653320312,0.0021220600792504207
2018-01-24,248.60488891601562,-0.0003882471072583771
2018-01-25,248.71023559570312,0.0004237514400735609
2018-01-26,251.58961486816406,0.01157724476262234
2018-01-29,249.92173767089844,-0.006629356295726363
2018-01-30,247.3582000732422,-0.010257361450615288
2018-01-31,247.48114013671875,0.0004970122819463185
2018-02-01,247.20025634765625,-0.0011349704826287832
2018-02-02,241.81875610351562,-0.02176980041870269
2018-02-05,231.70523071289062,-0.041822750036377254
2018-02-06,236.2703399658203,0.019702227864619948
2018-02-07,234.9886016845703,-0.005424880166657431
2018-02-08,226.17440795898438,-0.037509026660864975
2018-02-09,229.57191467285156,0.01502162311167976
2018-02-12,232.94305419921875,0.014684459687375861
2018-02-13,233.52252197265625,0.0024875941265110058
2018-02-14,236.67422485351562,0.013496355102007751
2018-02-15,239.6941375732422,0.012759787093823416
2018-02-16,239.76438903808594,0.00029308795598836923
2018-02-20,238.26324462890625,-0.00626091478889812
2018-02-21,237.07794189453125,-0.0049747611563886185
2018-02-22,237.3852996826172,0.001296441944913962
2018-02-23,241.16903686523438,0.015939222806450104
2018-02-26,243.9695281982422,0.011612151250463887
2018-02-27,240.92323303222656,-0.012486375608105837
2018-02-28,238.48263549804688,-0.010130187543404001
2018-03-01,235.01495361328125,-0.014540605346480384
2018-03-02,236.22642517089844,0.0051548701007795295
2018-03-05,238.95669555664062,0.011557853376339855
2018-03-06,239.56246948242188,0.0025350782675084282
2018-03-07,239.47471618652344,-0.0003663065257593079
2018-03-08,240.6334686279297,0.0048387256068558315
2018-03-09,244.82115173339844,0.017402745882966864
2018-03-12,244.5138702392578,-0.00125512641356762
2018-03-13,242.9336395263672,-0.0064627446751562845
2018-03-14,241.68699645996094,-0.005131619765944118
2018-03-15,241.42361450195312,-0.0010897647033792923
2018-03-16,241.68545532226562,0.0010845700444535034
2018-03-19,238.41534423828125,-0.013530442200685888
2018-03-20,238.82080078125,0.0017006310741625175
2018-03-21,238.36248779296875,-0.0019190664581224537
2018-03-22,232.404052734375,-0.0249973689810159
2018-03-23,227.450439453125,-0.021314659632513888
2018-03-26,233.67335510253906,0.027359435595623705
2018-03-27,229.69813537597656,-0.017011865665292114
2018-03-28,229.01939392089844,-0.0029549280144008927
2018-03-29,231.9457244873047,0.012777653963301328
2018-04-02,226.93927001953125,-0.02158459475310337
2018-04-03,229.84793090820312,0.012816913037666522
2018-04-04,232.30709838867188,0.010699106451608209
2018-04-05,234.1404266357422,0.007891830511364661
2018-04-06,228.92247009277344,-0.02228558569719552
2018-04-09,230.05064392089844,0.004928191748358346
2018-04-10,233.70855712890625,0.015900469329986233
2018-04-11,232.48338317871094,-0.005242315323180646
2018-04-12,234.39601135253906,0.008226945718343481
2018-04-13,233.70855712890625,-0.002932875093163867
2018-04-16,235.6300506591797,0.008221750858756982
2018-04-17,238.15097045898438,0.010698634544924923
2018-04-18,238.3271942138672,0.0007399665621483642
2018-04-19,237.00503540039062,-0.005547662396806041
2018-04-20,234.9954071044922,-0.008479264132525421
2018-04-23,234.96017456054688,-0.00014992864915719384
2018-04-24,231.79588317871094,-0.013467352021482859
2018-04-25,232.3688201904297,0.002471730748026424
2018-04-26,234.73097229003906,0.010165529513269211
2018-04-27,234.9513702392578,0.0009389385093434566
2018-04-30,233.1444854736328,-0.0076904627701681605
2018-05-01,233.5587158203125,0.0017767108916952878
2018-05-02,231.98980712890625,-0.0067174058818395554
2018-05-03,231.47854614257812,-0.00220380797180475
2018-05-04,234.47537231445312,0.012946453232124178
2018-05-07,235.26873779296875,0.003383577007190608
2018-05-08,235.26873779296875,0.0
2018-05-09,237.542724609375,0.009665486531437617
2018-05-10,239.763916015625,0.009350702741591554
2018-05-11,240.49549865722656,0.0030512624825242973
2018-05-14,240.610107421875,0.00047655263939794246
2018-05-15,238.95306396484375,-0.006886840601944777
2018-05-16,239.95782470703125,0.004204845610748631
2018-05-17,239.75514221191406,-0.0008446588285447865
2018-05-18,239.1556854248047,-0.0025002875082426046
2018-05-21,240.9538116455078,0.007518643002399017
2018-05-22,240.28402709960938,-0.0027797217289254883
2018-05-23,240.94503784179688,0.002750955817439671
2018-05-24,240.45143127441406,-0.002048627237996592
2018-05-25,239.87847900390625,-0.002382819130961722
2018-05-29,237.1196746826172,-0.011500841312421906
2018-05-30,240.28402709960938,0.013344959338476015
2018-05-31,238.8119354248047,-0.006126464969702039
2018-06-01,241.1565704345703,0.009817913855917348
2018-06-04,242.3023681640625,0.00475126067445486
2018-06-05,242.47869873046875,0.000727729438809499
2018-06-06,244.5059356689453,0.008360474338943824
2018-06-07,244.47955322265625,-0.00010790104631563935
2018-06-08,245.20230102539062,0.0029562709568442536
2018-06-11,245.5284423828125,0.0013300909333151534
2018-06-12,245.8457489013672,0.0012923411865251033
2018-06-13,245.06126403808594,-0.003190963711135697
2018-06-14,245.6782684326172,0.002517755700612634
2018-06-15,245.36480712890625,-0.001275901632288301
2018-06-18,244.86016845703125,-0.0020566872559270033
2018-06-19,243.9216766357422,-0.0038327663792886435
2018-06-20,244.33778381347656,0.0017059048768173213
2018-06-21,242.80596923828125,-0.006269249689047962
2018-06-22,243.2488250732422,0.0018239083509776766
2018-06-25,239.93743896484375,-0.013613163835021092
2018-06-26,240.46871948242188,0.0022142460129199737
2018-06-27,238.47659301757812,-0.008284347623805477
2018-06-28,239.840087890625,0.005717520767106743
2018-06-29,240.1853485107422,0.0014395450867021875
2018-07-02,240.6988525390625,0.0021379490110626787
2018-07-03,239.84896850585938,-0.0035309018893856514
2018-07-05,241.8056182861328,0.008157841130034482
2018-07-06,243.85092163085938,0.008458460805101486
2018-07-09,246.0465545654297,0.009003996867783304
2018-07-10,246.9319610595703,0.003598532382233177
2018-07-11,245.12574768066406,-0.007314619667522559
2018-07-12,247.34808349609375,0.00906610519889095
2018-07-13,247.5428466796875,0.0007874052664604836
2018-07-16,247.32154846191406,-0.0008939794493830755
2018-07-17,248.322021484375,0.004045231920481118
2018-07-18,248.84437561035156,0.002103535251743338
2018-07-19,247.90591430664062,-0.003771277937904438
2018-07-20,247.6226043701172,-0.0011428123339284335
2018-07-23,248.0830535888672,0.0018594797511368721
2018-07-24,249.33131408691406,0.005031623401877017
2018-07-25,251.45616149902344,0.008522184306816172
2018-07-26,250.86309814453125,-0.002358515897788016
2018-07-27,249.1630401611328,-0.006776835636538969
2018-07-30,247.86155700683594,-0.0052234197875222765
2018-07-31,249.08343505859375,0.004929679561902045
2018-08-01,248.6673126220703,-0.0016706146533812527
2018-08-02,250.0219268798828,0.005447496269327834
2018-08-03,251.09335327148438,0.004285329710767005
2018-08-06,252.0140838623047,0.0036668855579973236
2018-08-07,252.84629821777344,0.003302253361060048
2018-08-08,252.7400665283203,-0.0004201433447984515
2018-08-09,252.39474487304688,-0.0013663114836394152
2018-08-10,250.7036895751953,-0.006700041630035347
2018-08-13,249.76522827148438,-0.003743308705592252
2018-08-14,251.35879516601562,0.006380259196044236
2018-08-15,249.48178100585938,-0.007467469594276688
2018-08-16,251.50047302246094,0.008091540826999921
2018-08-17,252.3859405517578,0.0035207390215039602
2018-08-20,252.92599487304688,0.002139795584922055
2018-08-21,253.5192108154297,0.0023454131026767744
2018-08-22,253.36868286132812,-0.0005937536394871046
2018-08-23,253.03213500976562,-0.0013282930145975813
2018-08-24,254.55496215820312,0.0060183152166768394
2018-08-27,256.5648193359375,0.007895572573773935
2018-08-28,256.6888427734375,0.0004834000149396278
2018-08-29,258.0700378417969,0.005380814582496063
2018-08-30,257.0252685546875,-0.004048394365524288
2018-08-31,257.0341796875,3.46702597087134e-05
2018-09-04,256.5914306640625,-0.0017225297583993715
2018-09-05,255.90086364746094,-0.0026913097402136987
2018-09-06,255.13055419921875,-0.003010186981249885
2018-09-07,254.63478088378906,-0.0019432141986512885
2018-09-10,255.07742309570312,0.0017383415194802687
2018-09-11,255.9185028076172,0.0032973506698728006
2018-09-12,255.98057556152344,0.00024254891000552448
2018-09-13,257.4945373535156,0.005914362012317209
2018-09-14,257.5387878417969,0.0001718502020899848
2018-09-17,256.1752624511719,-0.005294446720245483
2018-09-18,257.5654296875,0.0054266255961896714
2018-09-19,257.83984375,0.0010654149620659137
2018-09-20,259.92926025390625,0.008103543942309166
2018-09-21,259.69183349609375,-0.000913428359625934
2018-09-24,258.82916259765625,-0.003321902297903745
2018-09-25,258.58892822265625,-0.0009281580660732702
2018-09-26,257.81512451171875,-0.0029924085159254155
2018-09-27,258.5356140136719,0.002794597498178897
2018-09-28,258.5622863769531,0.0001031670757740688
2018-10-01,259.4605712890625,0.0034741528809030253
2018-10-02,259.3093566894531,-0.0005828037719106671
2018-10-03,259.4516906738281,0.0005488964462838641
2018-10-04,257.42388916015625,-0.007815719020390355
2018-10-05,255.98300170898438,-0.0055973338600110445
2018-10-08,255.98300170898438,0.0
2018-10-09,255.60955810546875,-0.0014588609439785127
2018-10-10,247.51614379882812,-0.03166319118356731
2018-10-11,242.0643310546875,-0.022026089532857562
2018-10-12,245.4261016845703,0.013887922335502179
2018-10-15,244.04757690429688,-0.005616862961239422
2018-10-16,249.3838348388672,0.021865646044348708
2018-10-17,249.4283905029297,0.00017866299991453616
2018-10-18,245.82632446289062,-0.014441283258798676
2018-10-19,245.69293212890625,-0.0005426283546964283
2018-10-22,244.590087890625,-0.004488709661792933
2018-10-23,243.34490966796875,-0.005090877694165052
2018-10-24,235.9719696044922,-0.030298312274279926
2018-10-25,240.20538330078125,0.017940324452029532
2018-10-26,235.98081970214844,-0.01758729775569967
2018-10-29,234.67340087890625,-0.005540360546642753
2018-10-30,238.15086364746094,0.014818308148817794
2018-10-31,240.694580078125,0.010681113608849158
2018-11-01,243.25601196289062,0.01064183449388123
2018-11-02,241.8151092529297,-0.005923400200200435
2018-11-05,243.14927673339844,0.00551730404518791
2018-11-06,244.68788146972656,0.0063278195065952225
2018-11-07,249.92633056640625,0.02140869856412486
2018-11-08,249.47271728515625,-0.0018149879615404485
2018-11-09,247.0359344482422,-0.00976773277427656
2018-11-12,242.42002868652344,-0.0186851591936551
2018-11-13,241.96636962890625,-0.001871376140309855
2018-11-14,240.31214904785156,-0.00683657230379453
2018-11-15,242.82015991210938,0.010436471373565182
2018-11-16,243.45164489746094,0.0026006283233654948
2018-11-19,239.33375549316406,-0.01691460908399811
2018-11-20,234.9046630859375,-0.018505924490676673
2018-11-21,235.70509338378906,0.0034074687464111797
2018-11-23,234.13087463378906,-0.006678764244762214
2018-11-26,237.91073608398438,0.01614422470384347
2018-11-27,238.7112274169922,0.00336467091054371
2018-11-28,244.20762634277344,0.02302530545067283
2018-11-29,243.6739959716797,-0.0021851503128110794
2018-11-30,245.15931701660156,0.006095525453994277
2018-12-03,248.40553283691406,0.01324125005656085
2018-12-04,240.3565673828125,-0.03240252083831785
2018-12-06,239.99197387695312,-0.0015168859741564455
2018-12-07,234.41551208496094,-0.023236034530268568
2018-12-10,234.86024475097656,0.001897198108009368
2018-12-11,234.91351318359375,0.0002268090654238275
2018-12-12,236.0963897705078,0.005035370553543306
2018-12-13,236.01641845703125,-0.00033872315266780806
2018-12-14,231.6584014892578,-0.018464888994859652
2018-12-17,227.1136474609375,-0.019618343211830647
2018-12-18,226.86459350585938,-0.001096604972279147
2018-12-19,223.46710205078125,-0.014975855873210042
2018-12-20,219.82952880859375,-0.016277891505304787
2018-12-21,215.32534790039062,-0.02048942620499783
2018-12-24,209.63580322265625,-0.026423013979600563
2018-12-26,220.22763061523438,0.05052489712994501
2018-12-27,221.9183807373047,0.007677284259686168
2018-12-28,221.6321563720703,-0.0012897731331826812
2018-12-31,223.5733642578125,0.0087586924096128
2019-01-02,223.8059844970703,0.0010404649052448978
2019-01-03,218.46533203125,-0.023862867107068864
2019-01-04,225.7830047607422,0.03349580760230397
2019-01-07,227.56321716308594,0.007884616489315599
2019-01-08,229.70120239257812,0.00939512657689301
2019-01-09,230.7747344970703,0.004673602459674742
2019-01-10,231.58880615234375,0.003527559709027628
2019-01-11,231.67825317382812,0.00038623205918475456
2019-01-14,230.2648162841797,-0.006100861303490301
2019-01-15,232.90386962890625,0.011460949125069897
2019-01-16,233.46737670898438,0.0024194835447601815
2019-01-17,235.23863220214844,0.007586736605911026
2019-01-18,238.36973571777344,0.013310328691821027
2019-01-22,235.14918518066406,-0.01351073586339191
2019-01-23,235.6412353515625,0.002092502130170759
2019-01-24,235.76654052734375,0.0005317625142913229
2019-01-25,237.7613525390625,0.008460963151331491
2019-01-28,235.95431518554688,-0.007600214812955142
2019-01-29,235.6412353515625,-0.0013268663204493159
2019-01-30,239.37159729003906,0.01583068401806287
2019-01-31,241.47393798828125,0.008782749173432025
2019-02-01,241.59019470214844,0.00048144621666312837
2019-02-04,243.2899169921875,0.007035559916389156
2019-02-05,244.30975341796875,0.0041918565240581795
2019-02-06,243.9876708984375,-0.0013183367222356912
2019-02-07,241.66175842285156,-0.009532909868032347
2019-02-08,241.95693969726562,0.0012214645641102084
2019-02-11,242.09117126464844,0.0005547746121716823
2019-02-12,245.20431518554688,0.012859386423039965
2019-02-13,246.0004425048828,0.003246791634696544
2019-02-14,245.45474243164062,-0.00221828899040033
2019-02-15,248.1295166015625,0.010897219354671028
2019-02-19,248.5590057373047,0.0017309070747590916
2019-02-20,249.05995178222656,0.0020154009042476773
2019-02-21,248.17437744140625,-0.0035556673583340137
2019-02-22,249.71304321289062,0.006199938073170541
2019-02-25,250.0528564453125,0.0013608149099850753
2019-02-26,249.8740692138672,-0.0007149977568219335
2019-02-27,249.76663208007812,-0.0004299651185377673
2019-02-28,249.3014678955078,-0.0018623952314862358
2019-03-01,250.85809326171875,0.006243947856991339
2019-03-04,249.945556640625,-0.003637660675917309
2019-03-05,249.6056671142578,-0.0013598542456023655
2019-03-06,248.0937957763672,-0.0060570393107243214
2019-03-07,246.01841735839844,-0.008365297533838745
2019-03-08,245.52638244628906,-0.001999992185107713
2019-03-11,249.0868682861328,0.01450143892631428
2019-03-12,250.02613830566406,0.0037708532207818557
2019-03-13,251.6810760498047,0.006619058932620048
2019-03-14,251.52008056640625,-0.0006396805271389194
2019-03-15,252.76272583007812,0.004940540973402685
2019-03-18,253.67916870117188,0.003625704178035427
2019-03-19,253.74203491210938,0.00024781778992477577
2019-03-20,252.9783172607422,-0.0030098192111990274
2019-03-21,255.83560180664062,0.01129458278020512
2019-03-22,250.91175842285156,-0.019246122701524815
2019-03-25,250.72311401367188,-0.0007518356667118864
2019-03-26,252.59197998046875,0.007453903778073645
2019-03-27,251.2711639404297,-0.00522904979065919
2019-03-28,252.22352600097656,0.0037901764994119347
2019-03-29,253.8140411376953,0.006305974553351579
2019-04-01,256.8240051269531,0.011858934106899532
2019-04-02,256.9498291015625,0.0004899229515058501
2019-04-03,257.35418701171875,0.0015736842930391681
2019-04-04,258.0369873046875,0.002653154008866565
2019-04-05,259.2859191894531,0.004840127370154601
2019-04-08,259.48370361328125,0.000762804337568479
2019-04-09,258.15380859375,-0.005125158154491438
2019-04-10,259.0343933105469,0.003411085513685519
2019-04-11,258.9625549316406,-0.0002773314307344954
2019-04-12,260.714599609375,0.006765629410000473
2019-04-15,260.5439453125,-0.0006545636382875308
2019-04-16,260.714599609375,0.0006549923724779028
2019-04-17,260.07659912109375,-0.0024471222142418148
2019-04-18,260.58880615234375,0.0019694468205941895
2019-04-22,260.8134460449219,0.0008620473607250378
2019-04-23,263.1585693359375,0.008991573580956036
2019-04-24,262.5745544433594,-0.0022192509027991747
2019-04-25,262.4128112792969,-0.0006159894830837231
2019-04-26,263.6347961425781,0.0046567271518640485
2019-04-29,264.0480651855469,0.0015675815522668834
2019-04-30,264.1828918457031,0.0005106140810442472
2019-05-01,262.1972351074219,-0.007516220011101193
2019-05-02,261.6311340332031,-0.0021590657658415724
2019-05-03,264.19189453125,0.009787674955083592
2019-05-06,263.10467529296875,-0.004115263415670922
2019-05-07,258.7109069824219,-0.016699696824673982
2019-05-08,258.3515319824219,-0.0013890987596607562
2019-05-09,257.5697021484375,-0.003026224880437578
2019-05-10,258.8636779785156,0.005023788975507815
2019-05-13,252.35836791992188,-0.025130254307572875
2019-05-14,254.640625,0.009043714693868665
2019-05-15,256.1322021484375,0.005857577314843265
2019-05-16,258.5042419433594,0.009260997933977944
2019-05-17,256.83294677734375,-0.006465252382132358
2019-05-20,255.1348114013672,-0.006611828417203536
2019-05-21,257.4349670410156,0.00901545197621001
2019-05-22,256.6442565917969,-0.0030714959133456565
2019-05-23,253.5084686279297,-0.012218422518041283
2019-05-24,254.08351135253906,0.0022683373369012383
2019-05-28,251.72044372558594,-0.00930035803730056
2019-05-29,250.0311737060547,-0.00671089719424145
2019-05-30,250.71409606933594,0.0027313488680580367
2019-05-31,247.33560180664062,-0.013475485884770433
2019-06-03,246.70672607421875,-0.0025426009350385526
2019-06-04,252.0618438720703,0.021706411831838412
2019-06-05,254.24530029296875,0.008662383752165992
2019-06-06,255.8985137939453,0.006502434849617877
2019-06-07,258.4593200683594,0.010007116635605273
2019-06-10,259.6453857421875,0.004588983958924153
2019-06-11,259.5824279785156,-0.00024247595809145928
2019-06-12,259.1241455078125,-0.0017654602981872491
2019-06-13,260.1935119628906,0.004126849904251273
2019-06-14,259.90594482421875,-0.0011052048781019508
2019-06-17,260.0047302246094,0.00038008134233891155
2019-06-18,262.7273254394531,0.010471329550396202
2019-06-19,263.3203125,0.0022570437222508843
2019-06-20,265.83612060546875,0.009554174083963751
2019-06-21,265.4497985839844,-0.0014532337464318035
2019-06-24,265.124755859375,-0.0012244979138928969
2019-06-25,262.5243225097656,-0.009808338497777513
2019-06-26,262.2625732421875,-0.0009970476833375264
2019-06-27,263.19244384765625,0.0035455711197116546
2019-06-28,264.5469055175781,0.005146278708160423
2019-07-01,266.9485778808594,0.009078436803418466
2019-07-02,267.6437683105469,0.0026042110252326722
2019-07-03,269.7835998535156,0.007995073288932009
2019-07-05,269.4766845703125,-0.0011376350651772782
2019-07-08,267.995849609375,-0.005495224803209742
2019-07-09,268.3299865722656,0.0012467990208715474
2019-07-10,269.6120300292969,0.004777861294626318
2019-07-11,270.24407958984375,0.002344292873274867
2019-07-12,271.4540100097656,0.004477176416809003
2019-07-15,271.54425048828125,0.00033243376479275
2019-07-16,270.6684875488281,-0.0032251205388379445
2019-07-17,268.8265380859375,-0.0068051862245631645
2019-07-18,269.8106689453125,0.003660839686371986
2019-07-19,268.3119201660156,-0.0055548165873331445
2019-07-22,268.970947265625,0.0024561976195527357
2019-07-23,270.8941345214844,0.0071501672407767725
2019-07-24,272.167236328125,0.004699628542675693
2019-07-25,270.8670959472656,-0.0047769907884575025
2019-07-26,272.6819152832031,0.006700036154597466
2019-07-29,272.18524169921875,-0.0018214393993402078
2019-07-30,271.51715087890625,-0.0024545446187371756
2019-07-31,268.546630859375,-0.010940450759429399
2019-08-01,266.2081298828125,-0.008707988512382636
2019-08-02,264.2037048339844,-0.007529541076414459
2019-08-05,256.25836181640625,-0.03007279183526468
2019-08-06,259.851806640625,0.014022741731226862
2019-08-07,260.00531005859375,0.0005907344649753732
2019-08-08,265.1065979003906,0.019619937149157662
2019-08-09,263.30078125,-0.006811662420673215
2019-08-12,260.0955810546875,-0.012173151101550372
2019-08-13,264.1404724121094,0.015551557396784155
2019-08-14,256.33050537109375,-0.02956747585743158
2019-08-15,257.0077209472656,0.0026419624741560455
2019-08-16,260.7998352050781,0.014754865121700433
2019-08-19,263.94189453125,0.012047781102703325
2019-08-20,261.91937255859375,-0.007662754623505963
2019-08-21,264.0502624511719,0.008135671186755955
2019-08-22,263.9688720703125,-0.0003082382123154037
2019-08-23,257.1882629394531,-0.02568715423784229
2019-08-26,260.0323791503906,0.011058499242662112
2019-08-27,259.0121154785156,-0.0039236024190854035
2019-08-28,260.8359375,0.007041454482215714
2019-08-29,264.1676940917969,0.012773380170425508
2019-08-30,264.0502624511719,-0.000444534450091405
2019-09-03,262.5062561035156,-0.005847395618255646
2019-09-04,265.4858093261719,0.01135040843171864
2019-09-05,268.8987731933594,0.012855541604464449
2019-09-06,269.1064147949219,0.000772192446609532
2019-09-09,269.241943359375,0.000503624428858096
2019-09-10,269.17864990234375,-0.0002350802265111973
2019-09-11,271.0927429199219,0.007110864915447657
2019-09-12,272.03179931640625,0.0034639672990499637
2019-09-13,271.8511962890625,-0.000663904101643964
2019-09-16,271.01153564453125,-0.003088677394078587
2019-09-17,271.6977844238281,0.0025321755314393624
2019-09-18,271.8601989746094,0.000597776500554259
2019-09-19,271.8421630859375,-6.634251258519352e-05
2019-09-20,270.5577392578125,-0.004724888198152533
2019-09-23,270.4943542480469,-0.0002342753526086705
2019-09-24,268.3717041015625,-0.007847299262068397
2019-09-25,269.95916748046875,0.005915166743158284
2019-09-26,269.3968200683594,-0.002083083220909887
2019-09-27,267.9455261230469,-0.005387197758845996
2019-09-30,269.1881408691406,0.004637564821750706
2019-10-01,265.98614501953125,-0.011895010825034635
2019-10-02,261.2875671386719,-0.017664746712707013
2019-10-03,263.4282531738281,0.008192835421136246
2019-10-04,266.99298095703125,0.013532063247790216
2019-10-07,265.8410949707031,-0.004314293140588288
2019-10-08,261.7139587402344,-0.015524824071777132
2019-10-09,264.1993103027344,0.00949644250716819
2019-10-10,265.98614501953125,0.006763207348079003
2019-10-11,268.74371337890625,0.010367338340771415
2019-10-14,268.44427490234375,-0.0011142157440546807
2019-10-15,271.10205078125,0.0099006614310293
2019-10-16,270.6666564941406,-0.0016060162062760952
2019-10-17,271.4648132324219,0.0029488550552163595
2019-10-18,270.2764892578125,-0.004377451207983829
2019-10-21,272.1089172363281,0.006779827514955317
2019-10-22,271.2200012207031,-0.00326676547263971
2019-10-23,272.0090637207031,0.002909307928798066
2019-10-24,272.45355224609375,0.001634094538287334
2019-10-25,273.56927490234375,0.004095093079359957
2019-10-28,275.1112365722656,0.005636457787419058
2019-10-29,275.0296325683594,-0.00029662184984879936
2019-10-30,275.8731994628906,0.00306718547617435
2019-10-31,275.138427734375,-0.0026634400512488554
2019-11-01,277.6872863769531,0.009263913672716173
2019-11-04,278.8029479980469,0.004017690675183649
2019-11-05,278.49456787109375,-0.001106086320705968
2019-11-06,278.5580139160156,0.00022781789033410327
2019-11-07,279.5376281738281,0.0035167333513077548
2019-11-08,280.2269592285156,0.0024659687470012237
2019-11-11,279.69189453125,-0.0019093976494577447
2019-11-12,280.2815246582031,0.002108141631852911
2019-11-13,280.3721618652344,0.00032337917078839595
2019-11-14,280.78033447265625,0.0014558243040478924
2019-11-15,282.81219482421875,0.007236476711870221
2019-11-18,283.0208435058594,0.0007377640903014626
2019-11-19,282.9391784667969,-0.0002885477905121281
2019-11-20,281.8869323730469,-0.0037189833498915137
2019-11-21,281.4333801269531,-0.0016089864197519343
2019-11-22,282.0592956542969,0.002224027324198019
2019-11-25,284.2452697753906,0.007750051690453619
2019-11-26,284.8893127441406,0.002265800128385287
2019-11-27,286.1592102050781,0.004457511756778221
2019-11-29,285.0979309082031,-0.003708702215505899
2019-12-02,282.676025390625,-0.008494995070160383
2019-12-03,280.78033447265625,-0.006706231684661335
2019-12-04,282.5127868652344,0.006170134371525471
2019-12-05,283.0208435058594,0.0017983491871726986
2019-12-06,285.6058654785156,0.009133680546757006
2019-12-09,284.7079162597656,-0.003144015327715799
2019-12-10,284.39044189453125,-0.001115087944884241
2019-12-11,285.1977844238281,0.0028388525434208667
2019-12-12,287.6559143066406,0.00861903569054201
2019-12-13,287.8282165527344,0.0005989873231324605
2019-12-16,289.8056640625,0.0068702350778848675
2019-12-17,289.8691101074219,0.000218926172913525
2019-12-18,289.88726806640625,6.264192475580188e-05
2019-12-19,291.07550048828125,0.004098946565679551
2019-12-20,292.3516540527344,0.004384269931039686
2019-12-23,292.7982482910156,0.0015275926511457705
2019-12-24,292.80743408203125,3.137242476425328e-05
2019-12-26,294.3659973144531,0.005322826714793116
2019-12-27,294.2930908203125,-0.00024767294730287936
2019-12-30,292.6706237792969,-0.0055130993272494155
2019-12-31,293.3816833496094,0.0024295556592954792
2020-01-02,296.1253356933594,0.009351818806222267
2020-01-03,293.88299560546875,-0.007572266934338212
2020-01-06,295.0041809082031,0.0038150737521389644
2020-01-07,294.1746826171875,-0.002811818762913587
2020-01-08,295.74249267578125,0.005329520693777567
2020-01-09,297.747802734375,0.006780594971153242
2020-01-10,296.8910217285156,-0.0028775393067257404
2020-01-13,298.9328308105469,0.006877301543656511
2020-01-14,298.47711181640625,-0.0015244862630342526
2020-01-15,299.1514892578125,0.0022593941535491435
2020-01-16,301.6400146484375,0.008318612742991727
2020-01-17,302.57891845703125,0.003112663317192954
2020-01-21,301.98638916015625,-0.0019582636486922267
2020-01-22,302.0228576660156,0.00012076208454558923
2020-01-23,302.3692321777344,0.0011468486670032085
2020-01-24,299.6802673339844,-0.008892984330394427
2020-01-27,294.8764953613281,-0.016029657259023278
2020-01-28,297.9665832519531,0.010479261450929034
2020-01-29,297.720458984375,-0.0008260129874027022
2020-01-30,298.6866455078125,0.003245280914632165
2020-01-31,293.2631530761719,-0.01815780020033997
2020-02-03,295.4416809082031,0.00742857672087216
2020-02-04,299.944580078125,0.015241245433209372
2020-02-05,303.4083557128906,0.011548052089700889
2020-02-06,304.4292907714844,0.003364887747389078
2020-02-07,302.8067626953125,-0.0053297370698465185
2020-02-10,305.0672912597656,0.007465251252422256
2020-02-11,305.5959777832031,0.001733016087219097
2020-02-12,307.5648193359375,0.006442629143931677
2020-02-13,307.2367858886719,-0.0010665506151642523
2020-02-14,307.7289733886719,0.001601981021173593
2020-02-18,306.93585205078125,-0.002577337223586329
2020-02-19,308.4034423828125,0.004781423617428837
2020-02-20,307.1364440917969,-0.004108249509883644
2020-02-21,303.9735412597656,-0.010298038194014869
2020-02-24,293.89208984375,-0.03316555570670654
2020-02-25,284.9865417480469,-0.030302102041731782
2020-02-26,283.9382629394531,-0.003678344956796309
2020-02-27,271.18609619140625,-0.04491175869018449
2020-02-28,270.0467834472656,-0.004201221080805229
2020-03-02,281.74151611328125,0.0433063209149438
2020-03-03,273.6745300292969,-0.028632578525419894
2020-03-04,285.1778869628906,0.04203298323874827
2020-03-05,275.6981201171875,-0.0332415915787212
2020-03-06,271.1405944824219,-0.016530854954065033
2020-03-09,249.9659423828125,-0.07809473214451523
2020-03-10,262.9004211425781,0.0517449642798018
2020-03-11,250.08444213867188,-0.04874841564805177
2020-03-12,226.1570587158203,-0.09567721693612519
2020-03-13,245.49038696289062,0.08548629150401088
2020-03-16,218.6279296875,-0.10942366260333958
2020-03-17,230.43209838867188,0.053992043551088775
2020-03-18,218.7646484375,-0.05063291977445039
2020-03-19,219.22952270507812,0.0021249972100083614
2020-03-20,209.78199768066406,-0.04309421882527875
2020-03-23,204.41824340820312,-0.025568229551449884
2020-03-24,222.939208984375,0.09060329091659058
2020-03-25,226.2766876220703,0.014970352917728524
2020-03-26,239.48895263671875,0.058389863991272994
2020-03-27,232.35562133789062,-0.029785638211248466
2020-03-30,239.9014434814453,0.03247531563947659
2020-03-31,236.3256378173828,-0.014905311165162138
2020-04-01,225.68983459472656,-0.045004864139517986
2020-04-02,230.89772033691406,0.023075411223280717
2020-04-03,227.56028747558594,-0.014454161160440737
2020-04-06,242.84463500976562,0.06716614618365457
2020-04-07,243.0922088623047,0.0010194742516305144
2020-04-08,251.2524871826172,0.03356865429173306
2020-04-09,255.0758819580078,0.015217341003321838
2020-04-13,252.74691772460938,-0.009130476058813897
2020-04-14,260.20123291015625,0.029493199175900653
2020-04-15,254.67242431640625,-0.02124820290785867
2020-04-16,255.9009246826172,0.004823845257328152
2020-04-17,262.81427001953125,0.027015710652426916
2020-04-20,258.1840515136719,-0.017617835232140444
2020-04-21,250.3447723388672,-0.03036314260638817
2020-04-22,255.9009246826172,0.022194001863275137
2020-04-23,255.88275146484375,-7.101661627828548e-05
2020-04-24,259.4493103027344,0.013938254210075662
2020-04-27,263.1902160644531,0.014418638297221564
2020-04-28,261.97991943359375,-0.0045985623970268286
2020-04-29,268.8381652832031,0.026178517286504333
2020-04-30,266.3351135253906,-0.009310626544321576
2020-05-01,259.2843017578125,-0.026473459223039897
2020-05-04,259.9995422363281,0.002758518250687292
2020-05-05,262.4017333984375,0.009239213044174965
2020-05-06,260.62298583984375,-0.006778718781910054
2020-05-07,263.7679138183594,0.01206696319736067
2020-05-08,268.1322326660156,0.016546056662000597
2020-05-11,268.1872253417969,0.00020509535625179431
2020-05-12,262.8417663574219,-0.019931818070612284
2020-05-13,258.1932373046875,-0.01768565596387428
2020-05-14,261.2831115722656,0.011967293565988468
2020-05-15,262.48419189453125,0.004596854021823971
2020-05-18,270.4794006347656,0.03045977238677655
2020-05-19,267.70135498046875,-0.01027082154048442
2020-05-20,272.2489013671875,0.016987386511549518
2020-05-21,270.3693542480469,-0.006903782199677799
2020-05-22,270.88287353515625,0.0018993250493850589
2020-05-26,274.2203063964844,0.01232057537552289
2020-05-27,278.3004150390625,0.014878944218955414
2020-05-28,277.78692626953125,-0.0018450880479613518
2020-05-29,279.0246887207031,0.004455798074423756
2020-06-01,280.15240478515625,0.0040416354180827785
2020-06-02,282.4721374511719,0.008280252556798873
2020-06-03,286.2312927246094,0.013308056884326458
2020-06-04,285.47955322265625,-0.0026263358376974466
2020-06-05,292.7961730957031,0.02562922559760472
2020-06-08,296.3353576660156,0.012087536981419733
2020-06-09,294.125732421875,-0.007456502192461856
2020-06-10,292.4844970703125,-0.005580046798518201
2020-06-11,275.6230773925781,-0.05764893471834487
2020-06-12,278.9237976074219,0.011975485674381448
2020-06-15,281.5277404785156,0.009335678394708946
2020-06-16,286.946533203125,0.019247810945376198
2020-06-17,285.7546081542969,-0.004153822788945716
2020-06-18,285.8645935058594,0.00038489441088240817
2020-06-19,284.23089599609375,-0.005714934786885895
2020-06-22,286.0542907714844,0.0064151885001821896
2020-06-23,287.3712158203125,0.004603759116062811
2020-06-24,280.0408630371094,-0.0255083055631663
2020-06-25,283.04296875,0.010720241611642312
2020-06-26,276.3203125,-0.023751362839674828
2020-06-29,280.38153076171875,0.014697501696400828
2020-06-30,283.9730224609375,0.012809301987408706
2020-07-01,285.9622497558594,0.0070049868740453825
2020-07-02,287.5370178222656,0.00550690892854111
2020-07-06,291.97589111328125,0.015437571567774366
2020-07-07,288.96441650390625,-0.010314120792276671
2020-07-08,291.17462158203125,0.0076487101936826285
2020-07-09,289.51702880859375,-0.005692779008113269
2020-07-10,292.4730529785156,0.010210191027748339
2020-07-13,289.9405517578125,-0.008658921548198695
2020-07-14,293.6979675292969,0.01295926267886438
2020-07-15,296.3962097167969,0.009187132652631824
2020-07-16,295.4200744628906,-0.0032933459400136256
2020-07-17,296.27655029296875,0.0028991795213486604
2020-07-20,298.6708679199219,0.008081360555148631
2020-07-21,299.30633544921875,0.002127651530671626
2020-07-22,301.0099792480469,0.005691973730763689
2020-07-23,297.41845703125,-0.011931571922528472
2020-07-24,295.5029296875,-0.006440512679913302
2020-07-27,297.65789794921875,0.007292544490160147
2020-07-28,295.7698974609375,-0.006342853662842707
2020-07-29,299.4076232910156,0.012299175343084334
2020-07-30,298.3393859863281,-0.0035678360255015917
2020-07-31,300.6968688964844,0.007902017034600695
2020-08-03,302.7873229980469,0.006952031490165433
2020-08-04,303.9569091796875,0.003862731669410646
2020-08-05,305.84478759765625,0.006211006761003501
2020-08-06,307.8891906738281,0.006684446356696849
2020-08-07,308.11016845703125,0.000717718549064772
2020-08-10,309.0311584472656,0.0029891580496890224
2020-08-11,306.480224609375,-0.008254616947714455
2020-08-12,310.7532653808594,0.0139423050114591
2020-08-13,310.19158935546875,-0.0018074662053904067
2020-08-14,310.20074462890625,2.951489902258686e-05
2020-08-17,311.1861572265625,0.003176693205024783
2020-08-18,311.8583068847656,0.002159960019409768
2020-08-19,310.5599670410156,-0.00416323636435878
2020-08-20,311.5268249511719,0.0031132728386351616
2020-08-21,312.6319885253906,0.00354757114220261
2020-08-24,315.7999572753906,0.010133220099908913
2020-08-25,316.9049072265625,0.00349889202235798
2020-08-26,320.0821533203125,0.010025865871109874
2020-08-27,320.7820739746094,0.0021866906574965483
2020-08-28,322.8540344238281,0.006459090508226906
2020-08-31,321.6845397949219,-0.0036223633723312387
2020-09-01,324.7142639160156,0.009418308144448773
2020-09-02,329.4109802246094,0.014464151503392308
2020-09-03,318.0745849609375,-0.03441413900636259
2020-09-04,315.4775695800781,-0.008164800030088237
2020-09-08,306.8577880859375,-0.027322961520256817
2020-09-09,312.91741943359375,0.01974736044815395
2020-09-10,307.4840393066406,-0.01736362308237105
2020-09-11,307.6405944824219,0.0005091489500861357
2020-09-14,311.69256591796875,0.013171120808565417
2020-09-15,313.2673645019531,0.005052409830007987
2020-09-16,312.0241394042969,-0.00396857521252747
2020-09-17,309.2797546386719,-0.008795424517040407
2020-09-18,305.7192077636719,-0.011512382629634943
2020-09-21,302.316650390625,-0.011129681376373046
2020-09-22,305.3955383300781,0.01018431480857851
2020-09-23,298.3131408691406,-0.023190900232742395
2020-09-24,299.1083068847656,0.0026655413613636547
2020-09-25,303.94384765625,0.016166521156991243
2020-09-28,308.99224853515625,0.01660964983445168
2020-09-29,307.3094787597656,-0.0054459934945557675
2020-09-30,309.6394958496094,0.007581989007456658
2020-10-01,311.62738037109375,0.006419996635215641
2020-10-02,308.6685791015625,-0.009494676834904014
2020-10-05,314.1422424316406,0.01773314065853504
2020-10-06,309.6764221191406,-0.014215917852791748
2020-10-07,315.0668640136719,0.017406691338152314
2020-10-08,317.8591003417969,0.008862361127268015
2020-10-09,320.6976623535156,0.008930252456721854
2020-10-12,325.8570251464844,0.016087933897320994
2020-10-13,323.7303466796875,-0.006526415890039106
2020-10-14,321.6962585449219,-0.006283279141507947
2020-10-15,321.2987365722656,-0.0012357059247574131
2020-10-16,321.1045837402344,-0.0006042751182359085
2020-10-19,316.2226257324219,-0.015203638487334303
2020-10-20,317.4893493652344,0.004005796959906327
2020-10-21,316.8883056640625,-0.001893114532419915
2020-10-22,318.6264953613281,0.005485180949240442
2020-10-23,319.7083435058594,0.0033953489753086874
2020-10-26,313.8000793457031,-0.018480168816889075
2020-10-27,312.71844482421875,-0.0034468905289625207
2020-10-28,302.030029296875,-0.03417903773904918
2020-10-29,305.09967041015625,0.01016336395565487
2020-10-30,301.9190673828125,-0.010424799945106256
2020-11-02,305.3031311035156,0.011208512764821155
2020-11-03,310.6936340332031,0.01765623205436362
2020-11-04,317.6372985839844,0.022348911564886498
2020-11-05,323.8321533203125,0.01950291972619267
2020-11-06,323.7581787109375,-0.00022843503530001197
2020-11-09,327.826416015625,0.012565666513462137
2020-11-10,327.3456115722656,-0.0014666433815890834
2020-11-11,329.7773132324219,0.007428545165082845
2020-11-12,326.5781555175781,-0.009700963609310054
2020-11-13,331.0994873046875,0.013844562812058703
2020-11-16,335.2323303222656,0.012482178849691161
2020-11-17,333.4294128417969,-0.005378113378072924
2020-11-18,329.4166564941406,-0.0120348001499202
2020-11-19,330.8036193847656,0.0042103605366707875
2020-11-20,328.5382385253906,-0.006848113885779661
2020-11-23,330.5076599121094,0.005994496700165941
2020-11-24,335.8333740234375,0.016113738824523383
2020-11-25,335.315673828125,-0.0015415388563387866
2020-11-27,336.24951171875,0.002784951505439226
2020-11-30,334.7608947753906,-0.00442712001498613
2020-12-01,338.4222412109375,0.010937198737037246
2020-12-02,339.1342468261719,0.0021038972281688384
2020-12-03,339.041748046875,-0.0002727497448651306
2020-12-04,341.9635314941406,0.008617768944671811
2020-12-07,341.2608642578125,-0.002054801672148998
2020-12-08,342.2594299316406,0.0029261066193448926
2020-12-09,339.189697265625,-0.008969022903558055
2020-12-10,339.0787353515625,-0.0003271382207568063
2020-12-11,338.6811828613281,-0.0011724488998762217
2020-12-14,337.16485595703125,-0.004477151318199257
2020-12-15,341.7231140136719,0.013519374798723227
2020-12-16,342.2594299316406,0.0015694458348733953
2020-12-17,344.1732177734375,0.005591629256728181
2020-12-18,342.7991027832031,-0.003992509931841748
2020-12-21,341.5733642578125,-0.003575676002179673
2020-12-22,340.99774169921875,-0.0016852091492687293
2020-12-23,341.3040771484375,0.0008983503752613142
2020-12-24,342.6319580078125,0.003890609425089009
2020-12-28,345.575439453125,0.008590796557411018
2020-12-29,344.9161376953125,-0.0019078374286547461
2020-12-30,345.40826416015625,0.001426800346693291
2020-12-31,347.1632080078125,0.005080781294921621
2021-01-04,342.43695068359375,-0.013613934930893912
2021-01-05,344.7955017089844,0.006887548264526755
2021-01-06,346.85675048828125,0.005978177699767828
2021-01-07,352.0101318359375,0.014857376540608369
2021-01-08,354.01580810546875,0.005697779944771719
2021-01-11,351.62945556640625,-0.0067408078521498105
2021-01-12,351.70379638671875,0.0002114180684684719
2021-01-13,352.65087890625,0.0026928413319993183
2021-01-14,351.4159240722656,-0.003501919058913394
2021-01-15,348.85321044921875,-0.007292536983952602
2021-01-19,351.5923767089844,0.00785191644427874
2021-01-20,356.4578552246094,0.01383840730896213
2021-01-21,356.7829284667969,0.0009119542112003831
2021-01-22,355.52008056640625,-0.0035395412718244312
2021-01-25,356.9222106933594,0.003943884476846682
2021-01-26,356.364990234375,-0.0015611817989749088
2021-01-27,347.6553039550781,-0.02444035333989647
2021-01-28,350.645263671875,0.008600356970774659
2021-01-29,343.6253967285156,-0.020019853882664695
2021-02-01,349.3452453613281,0.016645593391141356
2021-02-02,354.28509521484375,0.014140309390518135
2021-02-03,354.56365966796875,0.000786272007734512
2021-02-04,358.59356689453125,0.011365821388284125
2021-02-05,360.0049133300781,0.003935782919279207
2021-02-08,362.6048583984375,0.007221971067865818
2021-02-09,362.3634033203125,-0.0006658903556655549
2021-02-10,362.2055969238281,-0.0004354920917465366
2021-02-11,362.7906188964844,0.0016151654685205852
2021-02-12,364.5826721191406,0.004939634955576366
2021-02-16,364.2669372558594,-0.0008660171956227369
2021-02-17,364.3504943847656,0.00022938433428998373
2021-02-18,362.7998962402344,-0.004255787129229915
2021-02-19,362.1591491699219,-0.0017661170164399165
2021-02-22,359.3735656738281,-0.007691600508998309
2021-02-23,359.8099670410156,0.001214339085762406
2021-02-24,363.7747497558594,0.011019101964987454
2021-02-25,355.00933837890625,-0.024095711378637086
2021-02-26,353.1801452636719,-0.005152521124055731
2021-03-01,361.7413024902344,0.024240199630052972
2021-03-02,358.9185791015625,-0.00780315482152627
2021-03-03,354.1644287109375,-0.013245762876152867
2021-03-04,349.7817687988281,-0.012374647358180724
2021-03-05,356.21649169921875,0.01839639304955165
2021-03-08,354.44293212890625,-0.00497888113448175
2021-03-09,359.5035095214844,0.014277551994569482
2021-03-10,361.7413024902344,0.006224676281265218
2021-03-11,365.4090576171875,0.010139166033030333
2021-03-12,365.9011535644531,0.0013466988215196096
2021-03-15,368.083251953125,0.005963628065707827
2021-03-16,367.61895751953125,-0.0012613842958898447
2021-03-17,368.87255859375,0.0034100555713374447
2021-03-18,363.50555419921875,-0.014549752399560023
2021-03-19,362.83294677734375,-0.0018503360240442746
2021-03-22,365.73016357421875,0.007984988195278042
2021-03-23,362.85162353515625,-0.007870666206284516
2021-03-24,361.00701904296875,-0.005083633012899491
2021-03-25,363.037841796875,0.00562543841748564
2021-03-26,368.8882141113281,0.016115048187528958
2021-03-29,368.7019348144531,-0.0005049749212610033
2021-03-30,367.72381591796875,-0.0026528716128831897
2021-03-31,369.2142028808594,0.004053006355245525
2021-04-01,373.20147705078125,0.010799352080202995
2021-04-05,378.5580749511719,0.014353099410862713
2021-04-06,378.3345031738281,-0.0005905877912459889
2021-04-07,378.7723693847656,0.0011573520449872365
2021-04-08,380.57025146484375,0.004746603040233444
2021-04-09,383.3370361328125,0.00727010231966152
2021-04-12,383.4768371582031,0.00036469480434497825
2021-04-13,384.61334228515625,0.0029636865041844374
2021-04-14,383.2998352050781,-0.003415136542778252
2021-04-15,387.41741943359375,0.01074246281977298
2021-04-16,388.7123107910156,0.003342367411653946
2021-04-19,386.8025207519531,-0.004913119512927611
2021-04-20,383.9705505371094,-0.007321488519098418
2021-04-21,387.603759765625,0.009462208035052155
2021-04-22,384.0638122558594,-0.009132902921029862
2021-04-23,388.22784423828125,0.010842031583147005
2021-04-26,389.0384216308594,0.002087890924383551
2021-04-27,388.9545593261719,-0.00021556303959890943
2021-04-28,388.8427734375,-0.00028740089553269677
2021-04-29,391.32073974609375,0.006372669052552293
2021-04-30,388.74957275390625,-0.0065704848504982705
2021-05-03,389.58807373046875,0.0021569180658451703
2021-05-04,387.1844787597656,-0.006169580469154723
2021-05-05,387.30560302734375,0.0003128334791882015
2021-05-06,390.3985290527344,0.007985750790112434
2021-05-07,393.2397766113281,0.0072778131759045905
2021-05-10,389.345703125,-0.009902542209449416
2021-05-11,385.8709716796875,-0.008924540369710798
2021-05-12,377.67303466796875,-0.021245280452254045
2021-05-13,382.20989990234375,0.012012679799508597
2021-05-14,388.0788269042969,0.015355245909257409
2021-05-17,387.09130859375,-0.002544633311804989
2021-05-18,383.7562561035156,-0.008615673915154942
2021-05-19,382.7501525878906,-0.0026217253780838057
2021-05-20,386.8678283691406,0.010758129692200358
2021-05-21,386.5509948730469,-0.0008189709064962969
2021-05-24,390.4916076660156,0.010194289615689467
2021-05-25,389.625244140625,-0.0022186482587139844
2021-05-26,390.3985290527344,0.001984688938251322
2021-05-27,390.60345458984375,0.0005249137019205374
2021-05-28,391.3021240234375,0.0017886924075656285
2021-06-01,390.9574890136719,-0.0008807389191298753
2021-06-02,391.572265625,0.0015724896660225252
2021-06-03,390.1189880371094,-0.003711390503030154
2021-06-04,393.6869812011719,0.009145910026104875
2021-06-07,393.3050231933594,-0.0009702073628320429
2021-06-08,393.3888854980469,0.00021322459603134725
2021-06-09,392.802001953125,-0.0014918661064327043
2021-06-10,394.62786865234375,0.004648313119943515
2021-06-11,395.280029296875,0.0016525965253249009
2021-06-14,396.1650085449219,0.002238866581802945
2021-06-15,395.4383239746094,-0.0018342977159481189
2021-06-16,393.23046875,-0.005583311203673724
2021-06-17,393.10009765625,-0.000331538637289297
2021-06-18,387.7970275878906,-0.013490380948713687
2021-06-21,393.3486633300781,0.014315828506264783
2021-06-22,395.4516296386719,0.005346316143011842
2021-06-23,394.97503662109375,-0.001205186631835553
2021-06-24,397.3115234375,0.005915530349447584
2021-06-25,398.7227478027344,0.0035519341423189132
2021-06-28,399.52655029296875,0.002015943395915931
2021-06-29,399.7415771484375,0.000538204170188683
2021-06-30,400.0779724121094,0.000841531836822007
2021-07-01,402.2930908203125,0.005536716742608805
2021-07-02,405.3680419921875,0.007643559489438179
2021-07-06,404.6296691894531,-0.0018214874539829173
2021-07-07,406.0596618652344,0.0035340776632761806
2021-07-08,402.7510986328125,-0.008147973175232415
2021-07-09,407.05035400390625,0.010674720405948301
2021-07-12,408.50830078125,0.0035817356820915247
2021-07-13,407.11578369140625,-0.0034087852980726474
2021-07-14,407.72332763671875,0.0014923124321140069
2021-07-15,406.33074951171875,-0.0034154977912884688
2021-07-16,403.1436462402344,-0.00784361822312063
2021-07-19,397.19000244140625,-0.014768045718573264
2021-07-20,402.8819274902344,0.014330484186010795
2021-07-21,406.1437072753906,0.008096118397456165
2021-07-22,406.99432373046875,0.0020943730995721666
2021-07-23,411.18145751953125,0.010287941489413477
2021-07-26,412.19085693359375,0.0024548758111606617
2021-07-27,410.31219482421875,-0.004557748134810469
2021-07-28,410.1439208984375,-0.00041011192916973194
2021-07-29,411.84503173828125,0.004147594912823349
2021-07-30,409.8449401855469,-0.0048564178236958355
2021-08-02,408.9850769042969,-0.0020980209755931956
2021-08-03,412.3124084472656,0.008135581787370061
2021-08-04,410.2841796875,-0.0049191552769507485
2021-08-05,412.88250732421875,0.006332994946814274
2021-08-06,413.5647277832031,0.0016523355842941179
2021-08-09,413.2283020019531,-0.0008134779362188871
2021-08-10,413.7423095703125,0.001243882778283023
2021-08-11,414.7705078125,0.0024851174714408675
2021-08-12,416.01348876953125,0.0029967920419093907
2021-08-13,416.7705383300781,0.0018197716684285048
2021-08-16,417.7518615722656,0.0023545888011169414
2021-08-17,415.0134582519531,-0.006555095433940505
2021-08-18,410.4711608886719,-0.010944939912101881
2021-08-19,411.106689453125,0.0015482904160117883
2021-08-20,414.3779296875,0.007957156422646827
2021-08-23,418.0229797363281,0.008796438679967933
2021-08-24,418.6865234375,0.001587337857814397
2021-08-25,419.5651550292969,0.0020985428061623956
2021-08-26,417.0882873535156,-0.005903416063253175
2021-08-27,420.8174743652344,0.008941001521239
2021-08-30,422.6680603027344,0.004397597652738838
2021-08-31,422.0419006347656,-0.0014814454338476502
2021-09-01,422.2661437988281,0.000531329149369375
2021-09-02,423.5653076171875,0.003076646890683099
2021-09-03,423.4624938964844,-0.0002427340456221394
2021-09-07,421.9483642578125,-0.0035755932591329254
2021-09-08,421.4342956542969,-0.001218321119504373
2021-09-09,419.63055419921875,-0.004280006334742459
2021-09-10,416.3219909667969,-0.007884466941964208
2021-09-13,417.38739013671875,0.0025590749300745674
2021-09-14,415.13494873046875,-0.005396524809990533
2021-09-15,418.6024475097656,0.008352702632965281
2021-09-16,417.9388732910156,-0.0015852134231358894
2021-09-17,413.86767578125,-0.009741131466684094
2021-09-20,406.96673583984375,-0.016674266547585526
2021-09-21,406.58233642578125,-0.0009445475028057038
2021-09-22,410.5484313964844,0.009754715380821954
2021-09-23,415.53668212890625,0.012150212620358314
2021-09-24,416.22113037109375,0.001647142771321386
2021-09-27,415.03033447265625,-0.0028609693539004555
2021-09-28,406.66668701171875,-0.020151894370719847
2021-09-29,407.3511047363281,0.0016829943205789455
2021-09-30,402.37237548828125,-0.012222206323141083
2021-10-01,407.1542053222656,0.011884090770847733
2021-10-04,401.903564453125,-0.012895951461399546
2021-10-05,406.0853271484375,0.010404890787676147
2021-10-06,407.7730712890625,0.004156131797414364
2021-10-07,411.298583984375,0.0086457712476391
2021-10-08,410.5484313964844,-0.0018238637746419428
2021-10-11,407.5762023925781,-0.007239654999523948
2021-10-12,406.57293701171875,-0.002461540627175851
2021-10-13,408.0356750488281,0.0035977260263813093
2021-10-14,414.8990173339844,0.016820446605152695
2021-10-15,418.0588684082031,0.007615952176804441
2021-10-18,419.2965087890625,0.002960445225266506
2021-10-19,422.5313720703125,0.00771497785801345
2021-10-20,424.19091796875,0.003927627646453935
2021-10-21,425.2972717285156,0.0026081505117163672
2021-10-22,424.8565979003906,-0.0010361548437261003
2021-10-25,427.13507080078125,0.005362922246354707
2021-10-26,427.5195007324219,0.0009000195908051012
2021-10-27,425.6254577636719,-0.004430307776616349
2021-10-28,429.7322998046875,0.009648957707073968
2021-10-29,430.604248046875,0.00202904981213603
2021-11-01,431.3450012207031,0.0017202644358200736
2021-11-02,433.0889587402344,0.004043068807093819
2021-11-03,435.7331237792969,0.006105362387334612
2021-11-04,437.7864990234375,0.004712460751963965
2021-11-05,439.3053894042969,0.0034694774376267112
2021-11-08,439.68048095703125,0.0008538287072759054
2021-11-09,438.2271728515625,-0.0033053732617499554
2021-11-10,434.70172119140625,-0.008044803879266538
2021-11-11,434.84234619140625,0.00032349768391659595
2021-11-12,438.12396240234375,0.007546680399643124
2021-11-15,438.2740173339844,0.00034249423569043813
2021-11-16,440.0086364746094,0.003957841605981338
2021-11-17,438.9397277832031,-0.002429290252051519
2021-11-18,440.4305725097656,0.0033964679708802237
2021-11-19,439.64300537109375,-0.001788175453361407
2021-11-22,438.4052734375,-0.002815311328674519
2021-11-23,438.98663330078125,0.0013260786274829073
2021-11-24,440.15869140625,0.0026699175249504936
2021-11-26,430.341796875,-0.02230308005480086
2021-11-29,435.62054443359375,0.01226640683504665
2021-11-30,427.1444396972656,-0.019457541304322534
2021-12-01,422.4000244140625,-0.011107285597737548
2021-12-02,428.8697204589844,0.015316514372593515
2021-12-03,425.1379699707031,-0.008701361533025587
2021-12-06,430.1729736328125,0.011843222712984991
2021-12-07,439.071044921875,0.02068486826105853
2021-12-08,440.2336730957031,0.002647927225615687
2021-12-09,437.2614440917969,-0.006751480374060592
2021-12-10,441.3775634765625,0.00941340573330196
2021-12-13,437.4677429199219,-0.008858222257253967
2021-12-14,434.4578857421875,-0.00688018082806463
2021-12-15,441.2463073730469,0.015625039511626415
2021-12-16,437.3551940917969,-0.008818460837475728
2021-12-17,432.70037841796875,-0.010643101389236298
2021-12-20,428.0993957519531,-0.010633183827658432
2021-12-21,435.7020568847656,0.0177591026949675
2021-12-22,440.0584716796875,0.009998609660165192
2021-12-23,442.79656982421875,0.006222123469365348
2021-12-27,449.06304931640625,0.014152050668945204
2021-12-28,448.696044921875,-0.0008172669630465146
2021-12-29,449.2700500488281,0.0012792738724787256
2021-12-30,448.02801513671875,-0.0027645620089172818
2021-12-31,446.8989562988281,-0.002520063031205999
2022-01-03,449.4864501953125,0.005789885744897916
2022-01-04,449.3358459472656,-0.00033505848281178974
2022-01-05,440.7076416015625,-0.019202127814916703
2022-01-06,440.29364013671875,-0.0009394016027025609
2022-01-07,438.55291748046875,-0.003953549398781897
2022-01-10,438.00726318359375,-0.0012442154073670775
2022-01-11,441.9967346191406,0.009108231234683073
2022-01-12,443.1917419433594,0.00270365645404258
2022-01-13,437.0850830078125,-0.013778819318179703
2022-01-14,437.263916015625,0.00040914919031753705
2022-01-18,429.5201416015625,-0.017709612274034003
2022-01-19,425.0602111816406,-0.010383518694355054
2022-01-20,420.3556213378906,-0.011068055113113373
2022-01-21,412.1037902832031,-0.019630595228925185
2022-01-24,413.8538513183594,0.004246651150559888
2022-01-25,408.80108642578125,-0.012209056111190497
2022-01-26,407.7756042480469,-0.00250851138068231
2022-01-27,405.761962890625,-0.004938111393728684
2022-01-28,415.8391418457031,0.024835198655115187
2022-01-31,423.328857421875,0.018011088477454917
2022-02-01,426.1893310546875,0.006757095772381705
2022-02-02,430.329345703125,0.00971402695180612
2022-02-03,420.2144775390625,-0.023504946304639285
2022-02-04,422.1904602050781,0.0047023193431785515
2022-02-07,420.8354797363281,-0.003209405698299861
2022-02-08,424.298095703125,0.008227956371374301
2022-02-09,430.5081481933594,0.014636060244256788
2022-02-10,422.7737731933594,-0.017965687832988908
2022-02-11,414.4372863769531,-0.019718552438666714
2022-02-14,413.082275390625,-0.0032695199753230986
2022-02-15,419.7440185546875,0.01612691601875893
2022-02-16,420.2144775390625,0.0011208235581174897
2022-02-17,411.23809814453125,-0.021361423449997252
2022-02-18,408.5753479003906,-0.00647496001988801
2022-02-22,404.19061279296875,-0.01073176619674776
2022-02-23,397.0207824707031,-0.017738735377157533
2022-02-24,402.99560546875,0.015049144180475649
2022-02-25,411.8873291015625,0.022064070953006887
2022-02-28,410.8335266113281,-0.002558472707895665
2022-03-01,404.576416015625,-0.015230282317301502
2022-03-02,412.01904296875,0.018396096901598824
2022-03-03,409.9678955078125,-0.004978283154482899
2022-03-04,406.63702392578125,-0.00812471322395969
2022-03-07,394.6496887207031,-0.029479202580594444
2022-03-08,391.6575927734375,-0.0075816503415087055
2022-03-09,402.15826416015625,0.026810845954397422
2022-03-10,400.34228515625,-0.00451558295761656
2022-03-11,395.25189208984375,-0.012715102189166716
2022-03-14,392.3632507324219,-0.0073083555454941385
2022-03-15,400.99151611328125,0.021990503353086943
2022-03-16,409.8831481933594,0.022174115218852153
2022-03-17,415.01116943359375,0.012510934550095998
2022-03-18,419.5567321777344,0.01095286845012966
2022-03-21,419.43402099609375,-0.0002924781614245253
2022-03-22,424.3420104980469,0.011701457812834049
2022-03-23,418.877197265625,-0.012878322431493117
2022-03-24,425.19146728515625,0.01507427489667612
2022-03-25,427.2679443359375,0.004883628225278214
2022-03-28,430.30706787109375,0.007112921939135042
2022-03-29,435.63031005859375,0.012370798866577548
2022-03-30,432.9404296875,-0.006174685987143436
2022-03-31,426.27685546875,-0.015391434391008096
2022-04-01,427.4850769042969,0.0028343585161767493
2022-04-04,431.1470947265625,0.008566422596046452
2022-04-05,425.7011413574219,-0.01263131176285559
2022-04-06,421.4443359375,-0.009999516107352502
2022-04-07,423.5680236816406,0.005039070555822089
2022-04-08,422.43548583984375,-0.002673803919268747
2022-04-11,415.2149963378906,-0.017092525945347825
2022-04-12,413.67657470703125,-0.0037051205867513204
2022-04-13,418.4146728515625,0.011453629318717962
2022-04-14,413.2046813964844,-0.012451741760324042
2022-04-18,413.3746337890625,0.0004113031633710129
2022-04-19,420.04754638671875,0.016142530412403877
2022-04-20,419.7360534667969,-0.0007415658598683983
2022-04-21,413.45947265625,-0.014953637550802812
2022-04-22,402.1145324707031,-0.027439062195532382
2022-04-25,404.44580078125,0.0057975231489966195
2022-04-26,392.7326354980469,-0.02896102582985738
2022-04-27,393.8370361328125,0.0028120928462314065
2022-04-28,403.78515625,0.025259483503305535
2022-04-29,388.8629455566406,-0.03695581787092839
2022-05-02,391.2037658691406,0.006019653811831338
2022-05-03,392.99700927734375,0.004583911415625197
2022-05-04,404.9649658203125,0.030453047378085296
2022-05-05,390.5713195800781,-0.0355429418717198
2022-05-06,388.24005126953125,-0.005968867127912336
2022-05-09,375.8097229003906,-0.03201712015155034
2022-05-10,376.6780090332031,0.0023104408425393963
2022-05-11,370.69403076171875,-0.015886189604864653
2022-05-12,370.3070373535156,-0.0010439698945459153
2022-05-13,379.1603088378906,0.023907921241915764
2022-05-16,377.621826171875,-0.004057604739090448
2022-05-17,385.3896484375,0.020570374187241613
2022-05-18,369.8539733886719,-0.0403116044030114
2022-05-19,367.5887756347656,-0.0061245732556340915
2022-05-20,367.7492370605469,0.00043652428043849945
2022-05-23,374.62982177734375,0.018709990459243375
2022-05-24,371.77001953125,-0.007633674843412375
2022-05-25,375.0545349121094,0.00883480433683359
2022-05-26,382.5486755371094,0.019981469166227228
2022-05-27,391.9399719238281,0.02454928480286367
2022-05-31,389.74078369140625,-0.005611033295806034
2022-06-01,386.5883483886719,-0.008088543551630023
2022-06-02,393.95025634765625,0.01904327429853825
2022-06-03,387.4850158691406,-0.016411311769296444
2022-06-06,388.66473388671875,0.0030445513226671217
2022-06-07,392.3929138183594,0.00959227737067403
2022-06-08,388.12677001953125,-0.010872122427784014
2022-06-09,378.89599609375,-0.023782883941029787
2022-06-10,367.90966796875,-0.028995630036379838
2022-06-13,353.9408874511719,-0.03796796261076951
2022-06-14,352.8742370605469,-0.0030136399281424087
2022-06-15,357.905029296875,0.01425661526960642
2022-06-16,346.0596923828125,-0.033096313112261466
2022-06-17,346.80572509765625,0.0021557919956147753
2022-06-21,355.5360107421875,0.025173418466701847
2022-06-22,354.8915710449219,-0.00181258628604275
2022-06-23,358.3703918457031,0.00980248922378868
2022-06-24,369.76434326171875,0.031793785634281146
2022-06-27,368.3519592285156,-0.0038196869409969914
2022-06-28,360.825439453125,-0.020432957085810943
2022-06-29,360.5315856933594,-0.0008143931320668818
2022-06-30,357.6025390625,-0.0081242441635907
2022-07-01,361.3847351074219,0.010576535767439887
2022-07-05,362.0672912597656,0.0018887243594858383
2022-07-06,363.2900085449219,0.0033770443082610235
2022-07-07,368.7311706542969,0.014977461480893295
2022-07-08,368.42779541015625,-0.0008227545384955626
2022-07-11,364.2190246582031,-0.011423597254022755
2022-07-12,360.9961242675781,-0.008848797488405502
2022-07-13,359.1002502441406,-0.005251784980473184
2022-07-14,358.22821044921875,-0.0024284020808367224
2022-07-15,365.0721740722656,0.01910503813885711
2022-07-18,362.05780029296875,-0.008256925598224774
2022-07-19,371.84027099609375,0.027019085613427585
2022-07-20,374.2100524902344,0.006373116843402693
2022-07-21,378.02069091796875,0.010183153558745772
2022-07-22,374.5133972167969,-0.00927804690440337
2022-07-25,374.96844482421875,0.0012150369273931094
2022-07-26,370.53228759765625,-0.011830748127731439
2022-07-27,380.1535949707031,0.025966178104009696
2022-07-28,384.92156982421875,0.012542232709605416
2022-07-29,390.5332336425781,0.014578720077760288
2022-08-01,389.3767395019531,-0.0029613206790063407
2022-08-02,386.8080139160156,-0.006597018582114367
2022-08-03,392.8651428222656,0.015659264256001615
2022-08-04,392.5997619628906,-0.0006755011591726978
2022-08-05,391.9361267089844,-0.0016903608157790018
2022-08-08,391.4811706542969,-0.0011607913220648136
2022-08-09,389.92657470703125,-0.003971061864015968
2022-08-10,398.11663818359375,0.021004117205184247
2022-08-11,398.11663818359375,0.0
2022-08-12,404.8563232421875,0.016928920854309304
2022-08-15,406.52471923828125,0.004120958227187499
2022-08-16,407.3209533691406,0.0019586364449160065
2022-08-17,404.4297790527344,-0.0070980250156345015
2022-08-18,405.6051940917969,0.0029063513617013648
2022-08-19,400.15460205078125,-0.01343817120789148
2022-08-22,391.82244873046875,-0.020822335361408983
2022-08-23,390.8745422363281,-0.002419224567688505
2022-08-24,392.125732421875,0.0032010019849038063
2022-08-25,397.6616516113281,0.014117714630105471
2022-08-26,384.2011413574219,-0.03384915341814876
2022-08-29,381.6607360839844,-0.00661217523837121
2022-08-30,377.4709777832031,-0.01097770324443148
2022-08-31,374.59869384765625,-0.007609284169117103
2022-09-01,375.7741394042969,0.0031378794852889857
2022-09-02,371.81182861328125,-0.010544394559181103
2022-09-06,370.4089660644531,-0.003773044429652206
2022-09-07,377.0633544921875,0.017964976653876308
2022-09-08,379.5279541015625,0.006536301075171336
2022-09-09,385.42401123046875,0.015535238090336856
2022-09-12,389.5664367675781,0.010747710096951746
2022-09-13,372.6270751953125,-0.043482600074122746
2022-09-14,374.0489196777344,0.0038157304636992073
2022-09-15,369.80224609375,-0.011353257182625032
2022-09-16,366.9810485839844,-0.007628935571825646
2022-09-19,369.8270568847656,0.007755191478586498
2022-09-20,365.5819091796875,-0.011478737496485758
2022-09-21,359.2048034667969,-0.01744371248347576
2022-09-22,356.1874694824219,-0.008400037959553353
2022-09-23,350.2197265625,-0.01675449989465838
2022-09-26,346.7550354003906,-0.009892906936214696
2022-09-27,345.86993408203125,-0.0025525262159130646
2022-09-28,352.6752624511719,0.019675975557697845
2022-09-29,345.308349609375,-0.020888657714735026
2022-09-30,339.9686584472656,-0.015463544881407665
2022-10-03,348.9442138671875,0.026401126094728333
2022-10-04,359.7568359375,0.030986678215641383
2022-10-05,358.9192199707031,-0.0023282836714252353
2022-10-06,355.2166748046875,-0.010315817487617007
2022-10-07,345.308349609375,-0.02789375020404239
2022-10-10,342.6717834472656,-0.007635396494443114
2022-10-11,340.5016174316406,-0.006333074739312328
2022-10-12,339.37847900390625,-0.0032984819167851676
2022-10-13,348.3350524902344,0.026391106214560534
2022-10-14,340.39691162109375,-0.02278880868402744
2022-10-17,349.14410400390625,0.025697038028797525
2022-10-18,353.2464294433594,0.011749662653353088
2022-10-19,350.7431335449219,-0.0070865426789512576
2022-10-20,347.8020324707031,-0.008385341844025174
2022-10-21,356.254150390625,0.024301519631383606
2022-10-24,360.61346435546875,0.012236528220271659
2022-10-25,366.3719482421875,0.015968577038605547
2022-10-26,363.6117248535156,-0.0075339375787778495
2022-10-27,361.6699523925781,-0.0053402361041018365
2022-10-28,370.27435302734375,0.023790753359089978
2022-10-31,367.59979248046875,-0.007223186064624576
2022-11-01,365.9912109375,-0.004375904382628915
2022-11-02,356.80621337890625,-0.025096224401307432
2022-11-03,353.1322326660156,-0.010296851834777576
2022-11-04,358.21490478515625,0.014393112972917788
2022-11-07,361.6414489746094,0.00956561031849934
2022-11-08,363.5926513671875,0.005395405858787727
2022-11-09,356.101806640625,-0.02060229957452464
2022-11-10,375.6711120605469,0.054954243575829675
2022-11-11,379.30712890625,0.009678723566897807
2022-11-14,376.08038330078125,-0.008506946902825718
2022-11-15,379.2879943847656,0.00852905715483443
2022-11-16,376.3945617675781,-0.007628590042458083
2022-11-17,375.24285888671875,-0.0030598286953213982
2022-11-18,376.9465637207031,0.0045402725025573965
2022-11-21,375.5759582519531,-0.003636073652512617
2022-11-22,380.6300354003906,0.013456870807068588
2022-11-23,383.0286865234375,0.006301791503457332
2022-11-25,382.9429626464844,-0.00022380537011779111
2022-11-28,376.8324279785156,-0.015956774935200202
2022-11-29,376.1851501464844,-0.0017176808150601852
2022-11-30,388.03521728515625,0.0315006244506395
2022-12-01,387.7496032714844,-0.0007360517833152613
2022-12-02,387.30230712890625,-0.0011535695686191172
2022-12-05,380.3350524902344,-0.017989189608294653
2022-12-06,374.85260009765625,-0.014414796523964601
2022-12-07,374.21490478515625,-0.0017011895137818422
2022-12-08,377.14642333984375,0.007833783521718818
2022-12-09,374.3290710449219,-0.007470181660408248
2022-12-12,379.72589111328125,0.01441731483289388
2022-12-13,382.6003723144531,0.0075698846679757015
2022-12-14,380.1542053222656,-0.006393530088300681
2022-12-15,370.8549499511719,-0.02446179797803516
2022-12-16,366.4765625,-0.01180619930177107
2022-12-19,363.3690185546875,-0.008479516190922798
2022-12-20,363.8662414550781,0.0013683689995596104
2022-12-21,369.3069152832031,0.014952400657912257
2022-12-22,364.0382995605469,-0.014266225474321326
2022-12-23,366.1324462890625,0.005752545078480997
2022-12-27,364.6885681152344,-0.0039435952439139665
2022-12-28,360.1562805175781,-0.012427830192429101
2022-12-29,366.63916015625,0.018000184890168747
2022-12-30,365.6733703613281,-0.0026341697774735495
2023-01-03,364.1340026855469,-0.004209679458638704
2023-01-04,366.94512939453125,0.007720033526811276
2023-01-05,362.7571105957031,-0.011413201765992809
2023-01-06,371.0758361816406,0.0229319435593609
2023-01-09,370.865478515625,-0.0005668859179304153
2023-01-10,373.4663391113281,0.007012948754661519
2023-01-11,378.1898498535156,0.012647754958123425
2023-01-12,379.56671142578125,0.003640662415447915
2023-01-13,381.03924560546875,0.0038795134962077427
2023-01-17,380.3412780761719,-0.0018317470899560373
2023-01-18,374.3363952636719,-0.01578814385562799
2023-01-19,371.611328125,-0.00727972800174137
2023-01-20,378.53411865234375,0.018629115969831522
2023-01-23,383.0759582519531,0.011998494655591996
2023-01-24,382.6648254394531,-0.001073240968647804
2023-01-25,382.8082275390625,0.00037474596585851394
2023-01-26,387.0155029296875,0.010990556335928492
2023-01-27,387.90472412109375,0.002297637135140196
2023-01-30,383.03765869140625,-0.012547064077951586
2023-01-31,388.66961669921875,0.014703405474681741
2023-02-01,392.8003234863281,0.010627809866357474
2023-02-02,398.518310546875,0.01455698154674745
2023-02-03,394.28240966796875,-0.010629124852741256
2023-02-06,391.8728332519531,-0.0061112957538348445
2023-02-07,396.99798583984375,0.013078611613261293
2023-02-08,392.6569519042969,-0.010934649772500693
2023-02-09,389.2528991699219,-0.008669279170701372
2023-02-10,390.1612854003906,0.0023336659339106003
2023-02-13,394.74139404296875,0.011739013618119243
2023-02-14,394.55975341796875,-0.0004601509437346385
2023-02-15,395.84100341796875,0.003247290147818882
2023-02-16,390.3907470703125,-0.013768801868919378
2023-02-17,389.41552734375,-0.002498060555689463
2023-02-21,381.60345458984375,-0.020061020183743894
2023-02-22,381.0775451660156,-0.0013781568733265415
2023-02-23,383.10467529296875,0.00531946883952461
2023-02-24,379.01220703125,-0.010682376190238707
2023-02-27,380.30303955078125,0.0034057808576726245
2023-02-28,378.89739990234375,-0.00369610416497812
2023-03-01,377.4440002441406,-0.003835866011690059
2023-03-02,380.3795166015625,0.00777735599326812
2023-03-03,386.4799499511719,0.016037754619682598
2023-03-06,386.7476806640625,0.0006927415327093733
2023-03-07,380.8193359375,-0.015328714360699602
2023-03-08,381.4408874511719,0.0016321427380827647
2023-03-09,374.4033508300781,-0.018449874810535727
2023-03-10,369.00091552734375,-0.01442945232930426
2023-03-13,368.4750671386719,-0.0014250598482130616
2023-03-14,374.56591796875,0.01652988593604321
2023-03-15,372.22332763671875,-0.006254147053034065
2023-03-16,378.75396728515625,0.017544949936107335
2023-03-17,374.3253479003906,-0.01169260197195876
2023-03-20,377.92474365234375,0.009615687989451782
2023-03-21,382.8870849609375,0.013130501222641922
2023-03-22,376.3601379394531,-0.017046662783494648
2023-03-23,377.3776550292969,0.0027035729538589237
2023-03-24,379.85394287109375,0.006561829532818031
2023-03-27,380.564208984375,0.001869840044077975
2023-03-28,379.71002197265625,-0.002244527970715726
2023-03-29,385.2291259765625,0.014535049602413919
2023-03-30,387.48468017578125,0.005855097777201834
2023-03-31,392.9461669921875,0.01409471676126306
2023-04-03,394.4435119628906,0.0038105600626279212
2023-04-04,392.25506591796875,-0.005548186187754434
2023-04-05,391.2280578613281,-0.0026182148960579577
2023-04-06,392.754150390625,0.0039007747492327827
2023-04-10,393.1572265625,0.0010262811264352134
2023-04-11,393.26287841796875,0.0002687267289793738
2023-04-12,391.6598815917969,-0.004076145789860597
2023-04-13,396.8622741699219,0.013282934562971471
2023-04-14,395.892822265625,-0.00244279178796869
2023-04-17,397.3133239746094,0.0035880966491261823
2023-04-18,397.5724792480469,0.0006522692741461888
2023-04-19,397.5052795410156,-0.00016902504710170074
2023-04-20,395.3361511230469,-0.005456854360458729
2023-04-21,395.64324951171875,0.0007768032035508909
2023-04-24,396.05596923828125,0.0010431613001657958
2023-04-25,389.76904296875,-0.015873832886858508
2023-04-26,388.1180725097656,-0.004235765997241403
2023-04-27,395.8448486328125,0.019908313140590606
2023-04-28,399.2234191894531,0.008535087846436973
2023-05-01,398.8203430175781,-0.0010096506179255726
2023-05-02,394.3378601074219,-0.01123935373065632
2023-05-03,391.63116455078125,-0.006863899793703054
2023-05-04,388.85723876953125,-0.007083005726655656
2023-05-05,396.05596923828125,0.01851252786634272
2023-05-08,396.16162109375,0.00026675991191837944
2023-05-09,394.42425537109375,-0.004385497307537345
2023-05-10,396.26715087890625,0.004672368604914157
2023-05-11,395.57611083984375,-0.0017438741453330575
2023-05-12,395.0577697753906,-0.0013103447105353716
2023-05-15,396.420654296875,0.0034498360132475536
2023-05-16,393.77154541015625,-0.006682570289929579
2023-05-17,398.55157470703125,0.01213909271147573
2023-05-18,402.390869140625,0.00963311821416335
2023-05-19,401.8053894042969,-0.0014550025391444343
2023-05-22,401.9685363769531,0.0004060348043068984
2023-05-23,397.45733642578125,-0.01122276880631623
2023-05-24,394.57781982421875,-0.007244844509494142
2023-05-25,397.99481201171875,0.008659868892332279
2023-05-26,403.1491394042969,0.012950740152930296
2023-05-30,403.30267333984375,0.0003808365702422378
2023-05-31,401.0662841796875,-0.005545188038641569
2023-06-01,404.8768310546875,0.009501040165452501
2023-06-02,410.73187255859375,0.014461290582259645
2023-06-05,409.94476318359375,-0.0019163581586615352
2023-06-06,410.83734130859375,0.0021773131532851764
2023-06-07,409.41680908203125,-0.00345765120092989
2023-06-08,411.89324951171875,0.006048702385327065
2023-06-09,412.6322937011719,0.0017942614751011998
2023-06-12,416.3756408691406,0.009071871555161648
2023-06-13,419.12078857421875,0.00659295942324567
2023-06-14,419.6198425292969,0.001190716301083139
2023-06-15,424.8222351074219,0.01239787076504073
2023-06-16,423.37518310546875,-0.0034062529744640635
2023-06-20,421.17864990234375,-0.005188148221190847
2023-06-21,419.0205993652344,-0.005123836494584255
2023-06-22,420.53314208984375,0.0036097097061593697
2023-06-23,417.3538818359375,-0.007560070623939152
2023-06-26,415.648681640625,-0.0040857417877877555
2023-06-27,420.2055969238281,0.010963382020643841
2023-06-28,420.4175720214844,0.000504455674098736
2023-06-29,422.0745849609375,0.0039413503376790615
2023-06-30,427.0553283691406,0.011800623836813351
2023-07-03,427.54669189453125,0.0011505851648474508
2023-07-05,426.91082763671875,-0.0014872393351820223
2023-07-06,423.5678405761719,-0.007830644818855759
2023-07-07,422.49847412109375,-0.002524663944324712
2023-07-10,423.5678405761719,0.002531054005112443
2023-07-11,426.2653503417969,0.006368542432200863
2023-07-12,429.695068359375,0.008045969523040153
2023-07-13,433.10546875,0.007936792022413153
2023-07-14,432.8357238769531,-0.0006228156708004695
2023-07-17,434.3386535644531,0.0034722866080416637
2023-07-18,437.5660705566406,0.007430646491398685
2023-07-19,438.5390625,0.0022236457733608717
2023-07-20,435.6295166015625,-0.006634633370744436
2023-07-21,435.6295166015625,0.0
2023-07-24,437.5757141113281,0.004467551980747997
2023-07-25,438.7702331542969,0.0027298568097973153
2023-07-26,438.8377380371094,0.0001538501878926013
2023-07-27,435.9281921386719,-0.006630117800378144
2023-07-28,440.1961364746094,0.009790475617093897
2023-07-31,441.0342712402344,0.0019040030027008825
2023-08-01,439.772216796875,-0.0028615790782207107
2023-08-02,433.65460205078125,-0.01391087138394509
2023-08-03,432.4117736816406,-0.002865940689348645
2023-08-04,430.4561462402344,-0.004522604518271245
2023-08-07,434.21331787109375,0.008728349365378918
2023-08-08,432.32513427734375,-0.004348516077322562
2023-08-09,429.4349060058594,-0.006685311684030526
2023-08-10,429.58905029296875,0.00035894680416892477
2023-08-11,429.33856201171875,-0.0005830881422120848
2023-08-14,431.70855712890625,0.005520107735216273
2023-08-15,426.6796569824219,-0.011648831285460903
2023-08-16,423.5486145019531,-0.007338157395672895
2023-08-17,420.3211669921875,-0.007620016685831343
2023-08-18,420.5235290527344,0.0004814462759392679
2023-08-21,423.259521484375,0.006506157783379374
2023-08-22,422.11309814453125,-0.0027085588903545954
2023-08-23,426.81451416015625,0.011137811255540031
2023-08-24,420.8992004394531,-0.013859214071814563
2023-08-25,423.8664855957031,0.007049871211805447
2023-08-28,426.5543518066406,0.0063413039300805885
2023-08-29,432.7201232910156,0.014454831976887128
2023-08-30,434.50238037109375,0.004118729368357776
2023-08-31,433.86651611328125,-0.0014634310110555049
2023-09-01,434.67578125,0.0018652398990555152
2023-09-05,432.7972106933594,-0.004321774153688507
2023-09-06,429.88775634765625,-0.006722442459927258
2023-09-07,428.56787109375,-0.0030703020367922607
2023-09-08,429.2133483886719,0.0015061261901749834
2023-09-11,432.0360412597656,0.006576433099507506
2023-09-12,429.6661376953125,-0.005485430237585631
2023-09-13,430.1671447753906,0.0011660380842797302
2023-09-14,433.87615966796875,0.008622264479344999
2023-09-15,428.6487121582031,-0.01204824785433245
2023-09-18,428.9000549316406,0.0005863607338791876
2023-09-19,428.0105895996094,-0.0020738289067671056
2023-09-20,424.0757751464844,-0.009193264252657651
2023-09-21,417.06646728515625,-0.016528432587093578
2023-09-22,416.128662109375,-0.002248574865981845
2023-09-25,417.87860107421875,0.004205283423576844
2023-09-26,411.7394104003906,-0.014691325801432398
2023-09-27,411.90380859375,0.00039927728365740656
2023-09-28,414.2917175292969,0.005797248983201442
2023-09-29,413.2863464355469,-0.002426722647862034
2023-10-02,413.1219177246094,-0.00039785662496627516
2023-10-03,407.5918884277344,-0.01338594990876607
2023-10-04,410.5599670410156,0.007281986461336265
2023-10-05,410.4052734375,-0.0003767868665581764
2023-10-06,415.2779541015625,0.01187285100712665
2023-10-09,417.9366149902344,0.00640212383636829
2023-10-10,420.1119384765625,0.005204912439602749
2023-10-11,421.8327941894531,0.004096183791231667
2023-10-12,419.2611083984375,-0.006096457711300296
2023-10-13,417.1728515625,-0.004980802640899729
2023-10-16,421.5621643066406,0.01052156852417574
2023-10-17,421.542724609375,-4.611347723204595e-05
2023-10-18,415.9256591796875,-0.013325020458822001
2023-10-19,412.2711486816406,-0.008786451177968946
2023-10-20,407.2052001953125,-0.012287904459305499
2023-10-23,406.4994201660156,-0.0017332294110152802
2023-10-24,409.5641784667969,0.007539391567962461
2023-10-25,403.68603515625,-0.014352190986408275
2023-10-26,398.8520812988281,-0.011974538221394937
2023-10-27,397.04412841796875,-0.004532890677094947
2023-10-30,401.7910461425781,0.011955642672575317
2023-10-31,404.3144836425781,0.006280472211181554
2023-11-01,408.6263427734375,0.010664617037739132
2023-11-02,416.45745849609375,0.019164490643223564
2023-11-03,420.2569885253906,0.009123452952476185
2023-11-06,421.2237243652344,0.002300344470738791
2023-11-07,422.42254638671875,0.0028460458234895736
2023-11-08,422.7319030761719,0.0007323394361860025
2023-11-09,419.43511962890625,-0.007798757139632295
2023-11-10,425.9803466796875,0.015604861740171172
2023-11-13,425.5743103027344,-0.0009531810096826687
2023-11-14,433.8307800292969,0.0194007709739088
2023-11-15,434.7491760253906,0.002116945220050459
2023-11-16,435.2809753417969,0.001223232488369863
2023-11-17,435.82232666015625,0.0012436824695458704
2023-11-20,439.1771545410156,0.007697696229948647
2023-11-21,438.22003173828125,-0.0021793547156037096
2023-11-22,439.9118957519531,0.0038607637513985438
2023-11-24,440.1826171875,0.0006153992155273347
2023-11-27,439.38983154296875,-0.0018010380546071847
2023-11-28,439.8248596191406,0.0009900731535916751
2023-11-29,439.5155334472656,-0.0007032939705655661
2023-11-30,441.24609375,0.003937426941798883
2023-12-01,443.8564453125,0.00591586327782645
2023-12-04,441.5264587402344,-0.005249414753063175
2023-12-05,441.439453125,-0.0001970564017446108
2023-12-06,439.6606140136719,-0.004029633279797551
2023-12-07,443.01531982421875,0.0076302168163795425
2023-12-08,444.9198913574219,0.004299109868161732
2023-12-11,446.6504821777344,0.003889668351380271
2023-12-12,448.6904296875,0.0045672121517017494
2023-12-13,454.8778991699219,0.013790063422416399
2023-12-14,456.3377990722656,0.003209432476292795
2023-12-15,455.5863952636719,-0.001646595592390887
2023-12-18,458.1491394042969,0.0056251551127679544
2023-12-19,460.9350891113281,0.0060808794940740984
2023-12-20,454.5477600097656,-0.013857328835340188
2023-12-21,458.8577880859375,0.009482013674600998
2023-12-22,459.7799072265625,0.0020095967957121097
2023-12-26,461.72137451171875,0.004222601411330462
2023-12-27,462.5562438964844,0.0018081670696932228
2023-12-28,462.73089599609375,0.00037758024437883897
2023-12-29,461.39129638671875,-0.002894986310545189
